date,release,file,downloads
2026-10-02,v1.0.0,digilog.apk,1
2026-10-02,v1.0.1,digilog.apk,1
2026-10-02,v1.0.3,digilog.apk,8
2026-10-03,v1.0.0,digilog.apk,1
2026-10-03,v1.0.1,digilog.apk,1
2026-10-03,v1.0.3,digilog.apk,9
2026-10-03,v1.1.0,digilog.apk,29
2026-10-04,v1.0.0,digilog.apk,1
2026-10-04,v1.0.1,digilog.apk,1
2026-10-04,v1.0.3,digilog.apk,9
2026-10-04,v1.1.0,digilog.apk,36
2026-10-04,v1.1.2,digilog.apk,0
2026-10-04,v2.0.1,digilog.apk,1
2026-10-06,v1.0.0,digilog.apk,1
2026-10-06,v1.0.1,digilog.apk,1
2026-10-06,v1.0.3,digilog.apk,9
2026-10-06,v1.1.0,digilog.apk,36
2026-10-06,v1.1.2,digilog.apk,0
2026-10-06,v2.0.1,digilog.apk,2
2026-10-07,v1.0.0,digilog.apk,1
2026-10-07,v1.0.1,digilog.apk,1
2026-10-07,v1.0.3,digilog.apk,9
2026-10-07,v1.1.0,digilog.apk,36
2026-10-07,v1.1.2,digilog.apk,0
2026-10-07,v2.0.1,digilog.apk,2
