date,page,views,unique_visitors
2026-10-02,/GoutamkumarKoppolu/expense-tracker,23,3
2026-10-02,/GoutamkumarKoppolu/expense-tracker/actions,6,1
2026-10-02,/GoutamkumarKoppolu/expense-tracker/actions/runs/35697228147,2,1
2026-10-02,/GoutamkumarKoppolu/expense-tracker/actions/runs/35697738522,3,1
2026-10-02,/GoutamkumarKoppolu/expense-tracker/actions/workflows/android-build.yml,15,1
2026-10-02,/GoutamkumarKoppolu/TrackMyBills,2,2
2026-10-02,/GoutamkumarKoppolu/TrackMyBills/branches,2,1
2026-10-02,/GoutamkumarKoppolu/TrackMyBills/pull/4,2,1
2026-10-02,/GoutamkumarKoppolu/TrackMyBills/pulls,3,1
2026-10-02,/GoutamkumarKoppolu/TrackMyBills/tree/main/client,2,1
