date,referrer,views,unique_visitors
2026-10-02,github.com,13,3
2026-10-02,goutamkumarkoppolu.github.io,1,1
2026-10-02,teams.public.onecdn.static.microsoft,1,1
2026-10-03,github.com,13,3
2026-10-03,goutamkumarkoppolu.github.io,1,1
2026-10-03,teams.public.onecdn.static.microsoft,1,1
2026-10-04,github.com,13,3
2026-10-04,goutamkumarkoppolu.github.io,1,1
2026-10-04,teams.public.onecdn.static.microsoft,1,1
2026-10-06,github.com,13,3
2026-10-06,goutamkumarkoppolu.github.io,1,1
2026-10-06,teams.public.onecdn.static.microsoft,2,2
2026-10-07,github.com,12,3
2026-10-07,teams.public.onecdn.static.microsoft,2,2
